depth,taxon,count,count_sum,rel_abund
0.25,Nitzschia tubicola,0,400,0
0.25,Cocconeis scutellum,0,400,0
0.25,Navicula hanseatica,15,400,3.75
0.25,Navicula meniscus,7,400,1.7500000000000002
0.25,Navicula peregrina,2,400,0.5
0.25,Pinnunavis elegans,6,400,1.5
0.25,Diploneeis smithii,0,400,0
0.25,Navicula gregaria,0,400,0
0.25,Planothidium delicathulum,0,400,0
0.25,Stephanocyclus meneghinianus,3,400,0.75
0.25,Ctenophora pulchella,2,400,0.5
0.25,Diatoma moniloformis,18,400,4.5
0.25,Navicula radiosa,0,400,0
0.25,Nitzschia incospicua,8,400,2
0.25,Pseudostaurosira elliptica,81,400,20.25
0.25,Diatoma tenuis,3,400,0.75
0.25,Pseudostaurosira brevistriata,0,400,0
0.25,Nitzschia palea,12,400,3
0.25,Pinnularia borealis,5,400,1.25
0.25,Achnanthidium lineare,2,400,0.5
0.25,Achnanthidium minutissimum,37,400,9.25
0.25,Achnanthidium petersenii,25,400,6.25
0.25,Brachysira serians,0,400,0
0.25,Cocconeis placentula,0,400,0
0.25,Encyonema neogracile,0,400,0
0.25,Fragilaria exigua,8,400,2
0.25,Fragilaria radians,1,400,0.25
0.25,Hippodonta hungarica,2,400,0.5
0.25,Nitzschia hantzschiana,0,400,0
0.25,Platessa oblongella,13,400,3.25
0.25,Stauroforma exiguiformis,111,400,27.750000000000004
0.25,Staurosira venter,11,400,2.75
0.25,Diatoma sp.,3,400,0.75
3.75,Nitzschia tubicola,10,400,2.5
3.75,Cocconeis scutellum,0,400,0
3.75,Navicula hanseatica,12,400,3
3.75,Navicula meniscus,6,400,1.5
3.75,Navicula peregrina,10,400,2.5
3.75,Pinnunavis elegans,3,400,0.75
3.75,Diploneeis smithii,1,400,0.25
3.75,Navicula gregaria,1,400,0.25
3.75,Planothidium delicathulum,1,400,0.25
3.75,Stephanocyclus meneghinianus,3,400,0.75
3.75,Ctenophora pulchella,5,400,1.25
3.75,Diatoma moniloformis,4,400,1
3.75,Navicula radiosa,0,400,0
3.75,Nitzschia incospicua,0,400,0
3.75,Pseudostaurosira elliptica,100,400,25
3.75,Diatoma tenuis,11,400,2.75
3.75,Pseudostaurosira brevistriata,8,400,2
3.75,Nitzschia palea,0,400,0
3.75,Pinnularia borealis,5,400,1.25
3.75,Achnanthidium lineare,2,400,0.5
3.75,Achnanthidium minutissimum,26,400,6.5
3.75,Achnanthidium petersenii,6,400,1.5
3.75,Brachysira serians,2,400,0.5
3.75,Cocconeis placentula,11,400,2.75
3.75,Encyonema neogracile,0,400,0
3.75,Fragilaria exigua,0,400,0
3.75,Fragilaria radians,0,400,0
3.75,Hippodonta hungarica,1,400,0.25
3.75,Nitzschia hantzschiana,0,400,0
3.75,Platessa oblongella,41,400,10.25
3.75,Stauroforma exiguiformis,93,400,23.25
3.75,Staurosira venter,0,400,0
3.75,Diatoma sp.,0,400,0
4.25,Nitzschia tubicola,3,400,0.75
4.25,Cocconeis scutellum,5,400,1.25
4.25,Navicula hanseatica,24,400,6
4.25,Navicula meniscus,11,400,2.75
4.25,Navicula peregrina,5,400,1.25
4.25,Pinnunavis elegans,8,400,2
4.25,Diploneeis smithii,2,400,0.5
4.25,Navicula gregaria,1,400,0.25
4.25,Planothidium delicathulum,7,400,1.7500000000000002
4.25,Stephanocyclus meneghinianus,1,400,0.25
4.25,Ctenophora pulchella,21,400,5.25
4.25,Diatoma moniloformis,6,400,1.5
4.25,Navicula radiosa,0,400,0
4.25,Nitzschia incospicua,0,400,0
4.25,Pseudostaurosira elliptica,94,400,23.5
4.25,Diatoma tenuis,6,400,1.5
4.25,Pseudostaurosira brevistriata,9,400,2.25
4.25,Nitzschia palea,0,400,0
4.25,Pinnularia borealis,8,400,2
4.25,Achnanthidium lineare,0,400,0
4.25,Achnanthidium minutissimum,14,400,3.5000000000000004
4.25,Achnanthidium petersenii,3,400,0.75
4.25,Brachysira serians,0,400,0
4.25,Cocconeis placentula,0,400,0
4.25,Encyonema neogracile,0,400,0
4.25,Fragilaria exigua,0,400,0
4.25,Fragilaria radians,0,400,0
4.25,Hippodonta hungarica,8,400,2
4.25,Nitzschia hantzschiana,6,400,1.5
4.25,Platessa oblongella,13,400,3.25
4.25,Stauroforma exiguiformis,121,400,30.25
4.25,Staurosira venter,0,400,0
4.25,Diatoma sp.,0,400,0
4.75,Nitzschia tubicola,1,400,0.25
4.75,Cocconeis scutellum,16,400,4
4.75,Navicula hanseatica,21,400,5.25
4.75,Navicula meniscus,8,400,2
4.75,Navicula peregrina,7,400,1.7500000000000002
4.75,Pinnunavis elegans,4,400,1
4.75,Diploneeis smithii,0,400,0
4.75,Navicula gregaria,2,400,0.5
4.75,Planothidium delicathulum,1,400,0.25
4.75,Stephanocyclus meneghinianus,3,400,0.75
4.75,Ctenophora pulchella,8,400,2
4.75,Diatoma moniloformis,6,400,1.5
4.75,Navicula radiosa,0,400,0
4.75,Nitzschia incospicua,4,400,1
4.75,Pseudostaurosira elliptica,92,400,23
4.75,Diatoma tenuis,12,400,3
4.75,Pseudostaurosira brevistriata,8,400,2
4.75,Nitzschia palea,0,400,0
4.75,Pinnularia borealis,5,400,1.25
4.75,Achnanthidium lineare,0,400,0
4.75,Achnanthidium minutissimum,12,400,3
4.75,Achnanthidium petersenii,0,400,0
4.75,Brachysira serians,3,400,0.75
4.75,Cocconeis placentula,0,400,0
4.75,Encyonema neogracile,0,400,0
4.75,Fragilaria exigua,0,400,0
4.75,Fragilaria radians,0,400,0
4.75,Hippodonta hungarica,9,400,2.25
4.75,Nitzschia hantzschiana,0,400,0
4.75,Platessa oblongella,13,400,3.25
4.75,Stauroforma exiguiformis,140,400,35
4.75,Staurosira venter,0,400,0
4.75,Diatoma sp.,0,400,0
5.25,Nitzschia tubicola,0,400,0
5.25,Cocconeis scutellum,3,400,0.75
5.25,Navicula hanseatica,17,400,4.25
5.25,Navicula meniscus,13,400,3.25
5.25,Navicula peregrina,2,400,0.5
5.25,Pinnunavis elegans,8,400,2
5.25,Diploneeis smithii,0,400,0
5.25,Navicula gregaria,0,400,0
5.25,Planothidium delicathulum,1,400,0.25
5.25,Stephanocyclus meneghinianus,3,400,0.75
5.25,Ctenophora pulchella,14,400,3.5000000000000004
5.25,Diatoma moniloformis,5,400,1.25
5.25,Navicula radiosa,0,400,0
5.25,Nitzschia incospicua,9,400,2.25
5.25,Pseudostaurosira elliptica,90,400,22.5
5.25,Diatoma tenuis,6,400,1.5
5.25,Pseudostaurosira brevistriata,10,400,2.5
5.25,Nitzschia palea,2,400,0.5
5.25,Pinnularia borealis,4,400,1
5.25,Achnanthidium lineare,0,400,0
5.25,Achnanthidium minutissimum,19,400,4.75
5.25,Achnanthidium petersenii,10,400,2.5
5.25,Brachysira serians,13,400,3.25
5.25,Cocconeis placentula,0,400,0
5.25,Encyonema neogracile,0,400,0
5.25,Fragilaria exigua,0,400,0
5.25,Fragilaria radians,0,400,0
5.25,Hippodonta hungarica,10,400,2.5
5.25,Nitzschia hantzschiana,0,400,0
5.25,Platessa oblongella,16,400,4
5.25,Stauroforma exiguiformis,118,400,29.5
5.25,Staurosira venter,0,400,0
5.25,Diatoma sp.,0,400,0
5.75,Nitzschia tubicola,0,400,0
5.75,Cocconeis scutellum,0,400,0
5.75,Navicula hanseatica,12,400,3
5.75,Navicula meniscus,10,400,2.5
5.75,Navicula peregrina,7,400,1.7500000000000002
5.75,Pinnunavis elegans,3,400,0.75
5.75,Diploneeis smithii,0,400,0
5.75,Navicula gregaria,4,400,1
5.75,Planothidium delicathulum,0,400,0
5.75,Stephanocyclus meneghinianus,6,400,1.5
5.75,Ctenophora pulchella,8,400,2
5.75,Diatoma moniloformis,2,400,0.5
5.75,Navicula radiosa,1,400,0.25
5.75,Nitzschia incospicua,2,400,0.5
5.75,Pseudostaurosira elliptica,91,400,22.75
5.75,Diatoma tenuis,0,400,0
5.75,Pseudostaurosira brevistriata,5,400,1.25
5.75,Nitzschia palea,8,400,2
5.75,Pinnularia borealis,12,400,3
5.75,Achnanthidium lineare,0,400,0
5.75,Achnanthidium minutissimum,12,400,3
5.75,Achnanthidium petersenii,14,400,3.5000000000000004
5.75,Brachysira serians,0,400,0
5.75,Cocconeis placentula,0,400,0
5.75,Encyonema neogracile,0,400,0
5.75,Fragilaria exigua,7,400,1.7500000000000002
5.75,Fragilaria radians,0,400,0
5.75,Hippodonta hungarica,7,400,1.7500000000000002
5.75,Nitzschia hantzschiana,0,400,0
5.75,Platessa oblongella,5,400,1.25
5.75,Stauroforma exiguiformis,144,400,36
5.75,Staurosira venter,21,400,5.25
5.75,Diatoma sp.,1,400,0.25
6.25,Nitzschia tubicola,2,400,0.5
6.25,Cocconeis scutellum,6,400,1.5
6.25,Navicula hanseatica,11,400,2.75
6.25,Navicula meniscus,19,400,4.75
6.25,Navicula peregrina,8,400,2
6.25,Pinnunavis elegans,5,400,1.25
6.25,Diploneeis smithii,0,400,0
6.25,Navicula gregaria,1,400,0.25
6.25,Planothidium delicathulum,1,400,0.25
6.25,Stephanocyclus meneghinianus,7,400,1.7500000000000002
6.25,Ctenophora pulchella,14,400,3.5000000000000004
6.25,Diatoma moniloformis,8,400,2
6.25,Navicula radiosa,0,400,0
6.25,Nitzschia incospicua,0,400,0
6.25,Pseudostaurosira elliptica,74,400,18.5
6.25,Diatoma tenuis,14,400,3.5000000000000004
6.25,Pseudostaurosira brevistriata,4,400,1
6.25,Nitzschia palea,0,400,0
6.25,Pinnularia borealis,2,400,0.5
6.25,Achnanthidium lineare,0,400,0
6.25,Achnanthidium minutissimum,12,400,3
6.25,Achnanthidium petersenii,27,400,6.75
6.25,Brachysira serians,5,400,1.25
6.25,Cocconeis placentula,0,400,0
6.25,Encyonema neogracile,0,400,0
6.25,Fragilaria exigua,0,400,0
6.25,Fragilaria radians,0,400,0
6.25,Hippodonta hungarica,4,400,1
6.25,Nitzschia hantzschiana,1,400,0.25
6.25,Platessa oblongella,42,400,10.5
6.25,Stauroforma exiguiformis,110,400,27.500000000000004
6.25,Staurosira venter,0,400,0
6.25,Diatoma sp.,0,400,0
6.75,Nitzschia tubicola,0,400,0
6.75,Cocconeis scutellum,5,400,1.25
6.75,Navicula hanseatica,10,400,2.5
6.75,Navicula meniscus,16,400,4
6.75,Navicula peregrina,1,400,0.25
6.75,Pinnunavis elegans,2,400,0.5
6.75,Diploneeis smithii,12,400,3
6.75,Navicula gregaria,0,400,0
6.75,Planothidium delicathulum,1,400,0.25
6.75,Stephanocyclus meneghinianus,7,400,1.7500000000000002
6.75,Ctenophora pulchella,19,400,4.75
6.75,Diatoma moniloformis,0,400,0
6.75,Navicula radiosa,0,400,0
6.75,Nitzschia incospicua,0,400,0
6.75,Pseudostaurosira elliptica,59,400,14.75
6.75,Diatoma tenuis,4,400,1
6.75,Pseudostaurosira brevistriata,5,400,1.25
6.75,Nitzschia palea,2,400,0.5
6.75,Pinnularia borealis,4,400,1
6.75,Achnanthidium lineare,16,400,4
6.75,Achnanthidium minutissimum,14,400,3.5000000000000004
6.75,Achnanthidium petersenii,23,400,5.75
6.75,Brachysira serians,9,400,2.25
6.75,Cocconeis placentula,0,400,0
6.75,Encyonema neogracile,0,400,0
6.75,Fragilaria exigua,0,400,0
6.75,Fragilaria radians,0,400,0
6.75,Hippodonta hungarica,6,400,1.5
6.75,Nitzschia hantzschiana,2,400,0.5
6.75,Platessa oblongella,24,400,6
6.75,Stauroforma exiguiformis,134,400,33.5
6.75,Staurosira venter,0,400,0
6.75,Diatoma sp.,8,400,2
7.25,Nitzschia tubicola,0,400,0
7.25,Cocconeis scutellum,1,400,0.25
7.25,Navicula hanseatica,9,400,2.25
7.25,Navicula meniscus,17,400,4.25
7.25,Navicula peregrina,1,400,0.25
7.25,Pinnunavis elegans,3,400,0.75
7.25,Diploneeis smithii,0,400,0
7.25,Navicula gregaria,2,400,0.5
7.25,Planothidium delicathulum,2,400,0.5
7.25,Stephanocyclus meneghinianus,6,400,1.5
7.25,Ctenophora pulchella,18,400,4.5
7.25,Diatoma moniloformis,5,400,1.25
7.25,Navicula radiosa,0,400,0
7.25,Nitzschia incospicua,0,400,0
7.25,Pseudostaurosira elliptica,79,400,19.75
7.25,Diatoma tenuis,3,400,0.75
7.25,Pseudostaurosira brevistriata,6,400,1.5
7.25,Nitzschia palea,0,400,0
7.25,Pinnularia borealis,5,400,1.25
7.25,Achnanthidium lineare,20,400,5
7.25,Achnanthidium minutissimum,13,400,3.25
7.25,Achnanthidium petersenii,22,400,5.5
7.25,Brachysira serians,6,400,1.5
7.25,Cocconeis placentula,1,400,0.25
7.25,Encyonema neogracile,0,400,0
7.25,Fragilaria exigua,0,400,0
7.25,Fragilaria radians,0,400,0
7.25,Hippodonta hungarica,1,400,0.25
7.25,Nitzschia hantzschiana,3,400,0.75
7.25,Platessa oblongella,40,400,10
7.25,Stauroforma exiguiformis,114,400,28.499999999999996
7.25,Staurosira venter,0,400,0
7.25,Diatoma sp.,5,400,1.25
7.75,Nitzschia tubicola,0,400,0
7.75,Cocconeis scutellum,2,400,0.5
7.75,Navicula hanseatica,6,400,1.5
7.75,Navicula meniscus,14,400,3.5000000000000004
7.75,Navicula peregrina,5,400,1.25
7.75,Pinnunavis elegans,6,400,1.5
7.75,Diploneeis smithii,2,400,0.5
7.75,Navicula gregaria,2,400,0.5
7.75,Planothidium delicathulum,10,400,2.5
7.75,Stephanocyclus meneghinianus,3,400,0.75
7.75,Ctenophora pulchella,14,400,3.5000000000000004
7.75,Diatoma moniloformis,9,400,2.25
7.75,Navicula radiosa,0,400,0
7.75,Nitzschia incospicua,0,400,0
7.75,Pseudostaurosira elliptica,97,400,24.25
7.75,Diatoma tenuis,1,400,0.25
7.75,Pseudostaurosira brevistriata,6,400,1.5
7.75,Nitzschia palea,0,400,0
7.75,Pinnularia borealis,4,400,1
7.75,Achnanthidium lineare,10,400,2.5
7.75,Achnanthidium minutissimum,23,400,5.75
7.75,Achnanthidium petersenii,40,400,10
7.75,Brachysira serians,13,400,3.25
7.75,Cocconeis placentula,0,400,0
7.75,Encyonema neogracile,0,400,0
7.75,Fragilaria exigua,0,400,0
7.75,Fragilaria radians,0,400,0
7.75,Hippodonta hungarica,3,400,0.75
7.75,Nitzschia hantzschiana,2,400,0.5
7.75,Platessa oblongella,22,400,5.5
7.75,Stauroforma exiguiformis,81,400,20.25
7.75,Staurosira venter,0,400,0
7.75,Diatoma sp.,9,400,2.25
10.25,Nitzschia tubicola,0,400,0
10.25,Cocconeis scutellum,4,400,1
10.25,Navicula hanseatica,7,400,1.7500000000000002
10.25,Navicula meniscus,14,400,3.5000000000000004
10.25,Navicula peregrina,4,400,1
10.25,Pinnunavis elegans,10,400,2.5
10.25,Diploneeis smithii,2,400,0.5
10.25,Navicula gregaria,4,400,1
10.25,Planothidium delicathulum,8,400,2
10.25,Stephanocyclus meneghinianus,4,400,1
10.25,Ctenophora pulchella,15,400,3.75
10.25,Diatoma moniloformis,4,400,1
10.25,Navicula radiosa,0,400,0
10.25,Nitzschia incospicua,0,400,0
10.25,Pseudostaurosira elliptica,76,400,19
10.25,Diatoma tenuis,2,400,0.5
10.25,Pseudostaurosira brevistriata,14,400,3.5000000000000004
10.25,Nitzschia palea,0,400,0
10.25,Pinnularia borealis,2,400,0.5
10.25,Achnanthidium lineare,11,400,2.75
10.25,Achnanthidium minutissimum,14,400,3.5000000000000004
10.25,Achnanthidium petersenii,45,400,11.25
10.25,Brachysira serians,5,400,1.25
10.25,Cocconeis placentula,5,400,1.25
10.25,Encyonema neogracile,0,400,0
10.25,Fragilaria exigua,0,400,0
10.25,Fragilaria radians,0,400,0
10.25,Hippodonta hungarica,2,400,0.5
10.25,Nitzschia hantzschiana,3,400,0.75
10.25,Platessa oblongella,23,400,5.75
10.25,Stauroforma exiguiformis,102,400,25.5
10.25,Staurosira venter,0,400,0
10.25,Diatoma sp.,3,400,0.75
13.25,Nitzschia tubicola,0,400,0
13.25,Cocconeis scutellum,0,400,0
13.25,Navicula hanseatica,20,400,5
13.25,Navicula meniscus,11,400,2.75
13.25,Navicula peregrina,5,400,1.25
13.25,Pinnunavis elegans,5,400,1.25
13.25,Diploneeis smithii,0,400,0
13.25,Navicula gregaria,0,400,0
13.25,Planothidium delicathulum,0,400,0
13.25,Stephanocyclus meneghinianus,7,400,1.7500000000000002
13.25,Ctenophora pulchella,20,400,5
13.25,Diatoma moniloformis,2,400,0.5
13.25,Navicula radiosa,0,400,0
13.25,Nitzschia incospicua,0,400,0
13.25,Pseudostaurosira elliptica,53,400,13.25
13.25,Diatoma tenuis,0,400,0
13.25,Pseudostaurosira brevistriata,20,400,5
13.25,Nitzschia palea,3,400,0.75
13.25,Pinnularia borealis,9,400,2.25
13.25,Achnanthidium lineare,2,400,0.5
13.25,Achnanthidium minutissimum,17,400,4.25
13.25,Achnanthidium petersenii,12,400,3
13.25,Brachysira serians,0,400,0
13.25,Cocconeis placentula,0,400,0
13.25,Encyonema neogracile,0,400,0
13.25,Fragilaria exigua,10,400,2.5
13.25,Fragilaria radians,0,400,0
13.25,Hippodonta hungarica,6,400,1.5
13.25,Nitzschia hantzschiana,0,400,0
13.25,Platessa oblongella,4,400,1
13.25,Stauroforma exiguiformis,150,400,37.5
13.25,Staurosira venter,5,400,1.25
13.25,Diatoma sp.,0,400,0
16.25,Nitzschia tubicola,1,400,0.25
16.25,Cocconeis scutellum,1,400,0.25
16.25,Navicula hanseatica,13,400,3.25
16.25,Navicula meniscus,16,400,4
16.25,Navicula peregrina,2,400,0.5
16.25,Pinnunavis elegans,5,400,1.25
16.25,Diploneeis smithii,0,400,0
16.25,Navicula gregaria,4,400,1
16.25,Planothidium delicathulum,19,400,4.75
16.25,Stephanocyclus meneghinianus,2,400,0.5
16.25,Ctenophora pulchella,8,400,2
16.25,Diatoma moniloformis,4,400,1
16.25,Navicula radiosa,0,400,0
16.25,Nitzschia incospicua,0,400,0
16.25,Pseudostaurosira elliptica,50,400,12.5
16.25,Diatoma tenuis,3,400,0.75
16.25,Pseudostaurosira brevistriata,10,400,2.5
16.25,Nitzschia palea,4,400,1
16.25,Pinnularia borealis,7,400,1.7500000000000002
16.25,Achnanthidium lineare,15,400,3.75
16.25,Achnanthidium minutissimum,13,400,3.25
16.25,Achnanthidium petersenii,22,400,5.5
16.25,Brachysira serians,10,400,2.5
16.25,Cocconeis placentula,0,400,0
16.25,Encyonema neogracile,0,400,0
16.25,Fragilaria exigua,0,400,0
16.25,Fragilaria radians,0,400,0
16.25,Hippodonta hungarica,7,400,1.7500000000000002
16.25,Nitzschia hantzschiana,2,400,0.5
16.25,Platessa oblongella,46,400,11.5
16.25,Stauroforma exiguiformis,112,400,28.000000000000004
16.25,Staurosira venter,0,400,0
16.25,Diatoma sp.,3,400,0.75
19.25,Nitzschia tubicola,0,400,0
19.25,Cocconeis scutellum,0,400,0
19.25,Navicula hanseatica,7,400,1.7500000000000002
19.25,Navicula meniscus,24,400,6
19.25,Navicula peregrina,3,400,0.75
19.25,Pinnunavis elegans,6,400,1.5
19.25,Diploneeis smithii,0,400,0
19.25,Navicula gregaria,2,400,0.5
19.25,Planothidium delicathulum,12,400,3
19.25,Stephanocyclus meneghinianus,4,400,1
19.25,Ctenophora pulchella,4,400,1
19.25,Diatoma moniloformis,1,400,0.25
19.25,Navicula radiosa,0,400,0
19.25,Nitzschia incospicua,0,400,0
19.25,Pseudostaurosira elliptica,88,400,22
19.25,Diatoma tenuis,0,400,0
19.25,Pseudostaurosira brevistriata,9,400,2.25
19.25,Nitzschia palea,0,400,0
19.25,Pinnularia borealis,10,400,2.5
19.25,Achnanthidium lineare,4,400,1
19.25,Achnanthidium minutissimum,12,400,3
19.25,Achnanthidium petersenii,28,400,7.000000000000001
19.25,Brachysira serians,2,400,0.5
19.25,Cocconeis placentula,1,400,0.25
19.25,Encyonema neogracile,1,400,0.25
19.25,Fragilaria exigua,0,400,0
19.25,Fragilaria radians,0,400,0
19.25,Hippodonta hungarica,4,400,1
19.25,Nitzschia hantzschiana,0,400,0
19.25,Platessa oblongella,31,400,7.75
19.25,Stauroforma exiguiformis,120,400,30
19.25,Staurosira venter,0,400,0
19.25,Diatoma sp.,0,400,0
21.75,Nitzschia tubicola,0,400,0
21.75,Cocconeis scutellum,0,400,0
21.75,Navicula hanseatica,6,400,1.5
21.75,Navicula meniscus,37,400,9.25
21.75,Navicula peregrina,1,400,0.25
21.75,Pinnunavis elegans,4,400,1
21.75,Diploneeis smithii,0,400,0
21.75,Navicula gregaria,3,400,0.75
21.75,Planothidium delicathulum,5,400,1.25
21.75,Stephanocyclus meneghinianus,2,400,0.5
21.75,Ctenophora pulchella,3,400,0.75
21.75,Diatoma moniloformis,1,400,0.25
21.75,Navicula radiosa,0,400,0
21.75,Nitzschia incospicua,4,400,1
21.75,Pseudostaurosira elliptica,55,400,13.750000000000002
21.75,Diatoma tenuis,1,400,0.25
21.75,Pseudostaurosira brevistriata,6,400,1.5
21.75,Nitzschia palea,0,400,0
21.75,Pinnularia borealis,2,400,0.5
21.75,Achnanthidium lineare,1,400,0.25
21.75,Achnanthidium minutissimum,24,400,6
21.75,Achnanthidium petersenii,44,400,11
21.75,Brachysira serians,4,400,1
21.75,Cocconeis placentula,0,400,0
21.75,Encyonema neogracile,0,400,0
21.75,Fragilaria exigua,0,400,0
21.75,Fragilaria radians,2,400,0.5
21.75,Hippodonta hungarica,1,400,0.25
21.75,Nitzschia hantzschiana,4,400,1
21.75,Platessa oblongella,45,400,11.25
21.75,Stauroforma exiguiformis,111,400,27.750000000000004
21.75,Staurosira venter,0,400,0
21.75,Diatoma sp.,2,400,0.5
22.25,Nitzschia tubicola,0,400,0
22.25,Cocconeis scutellum,2,400,0.5
22.25,Navicula hanseatica,8,400,2
22.25,Navicula meniscus,32,400,8
22.25,Navicula peregrina,0,400,0
22.25,Pinnunavis elegans,3,400,0.75
22.25,Diploneeis smithii,0,400,0
22.25,Navicula gregaria,1,400,0.25
22.25,Planothidium delicathulum,3,400,0.75
22.25,Stephanocyclus meneghinianus,0,400,0
22.25,Ctenophora pulchella,0,400,0
22.25,Diatoma moniloformis,0,400,0
22.25,Navicula radiosa,0,400,0
22.25,Nitzschia incospicua,6,400,1.5
22.25,Pseudostaurosira elliptica,89,400,22.25
22.25,Diatoma tenuis,0,400,0
22.25,Pseudostaurosira brevistriata,1,400,0.25
22.25,Nitzschia palea,0,400,0
22.25,Pinnularia borealis,3,400,0.75
22.25,Achnanthidium lineare,1,400,0.25
22.25,Achnanthidium minutissimum,16,400,4
22.25,Achnanthidium petersenii,26,400,6.5
22.25,Brachysira serians,10,400,2.5
22.25,Cocconeis placentula,0,400,0
22.25,Encyonema neogracile,2,400,0.5
22.25,Fragilaria exigua,0,400,0
22.25,Fragilaria radians,0,400,0
22.25,Hippodonta hungarica,1,400,0.25
22.25,Nitzschia hantzschiana,1,400,0.25
22.25,Platessa oblongella,34,400,8.5
22.25,Stauroforma exiguiformis,125,400,31.25
22.25,Staurosira venter,0,400,0
22.25,Diatoma sp.,1,400,0.25
22.75,Nitzschia tubicola,0,400,0
22.75,Cocconeis scutellum,1,400,0.25
22.75,Navicula hanseatica,2,400,0.5
22.75,Navicula meniscus,16,400,4
22.75,Navicula peregrina,0,400,0
22.75,Pinnunavis elegans,1,400,0.25
22.75,Diploneeis smithii,0,400,0
22.75,Navicula gregaria,0,400,0
22.75,Planothidium delicathulum,5,400,1.25
22.75,Stephanocyclus meneghinianus,1,400,0.25
22.75,Ctenophora pulchella,5,400,1.25
22.75,Diatoma moniloformis,0,400,0
22.75,Navicula radiosa,0,400,0
22.75,Nitzschia incospicua,8,400,2
22.75,Pseudostaurosira elliptica,72,400,18
22.75,Diatoma tenuis,0,400,0
22.75,Pseudostaurosira brevistriata,4,400,1
22.75,Nitzschia palea,0,400,0
22.75,Pinnularia borealis,0,400,0
22.75,Achnanthidium lineare,5,400,1.25
22.75,Achnanthidium minutissimum,24,400,6
22.75,Achnanthidium petersenii,25,400,6.25
22.75,Brachysira serians,5,400,1.25
22.75,Cocconeis placentula,0,400,0
22.75,Encyonema neogracile,2,400,0.5
22.75,Fragilaria exigua,0,400,0
22.75,Fragilaria radians,1,400,0.25
22.75,Hippodonta hungarica,1,400,0.25
22.75,Nitzschia hantzschiana,0,400,0
22.75,Platessa oblongella,32,400,8
22.75,Stauroforma exiguiformis,158,400,39.5
22.75,Staurosira venter,0,400,0
22.75,Diatoma sp.,3,400,0.75
23.25,Nitzschia tubicola,0,400,0
23.25,Cocconeis scutellum,0,400,0
23.25,Navicula hanseatica,6,400,1.5
23.25,Navicula meniscus,32,400,8
23.25,Navicula peregrina,4,400,1
23.25,Pinnunavis elegans,4,400,1
23.25,Diploneeis smithii,0,400,0
23.25,Navicula gregaria,0,400,0
23.25,Planothidium delicathulum,4,400,1
23.25,Stephanocyclus meneghinianus,2,400,0.5
23.25,Ctenophora pulchella,4,400,1
23.25,Diatoma moniloformis,6,400,1.5
23.25,Navicula radiosa,0,400,0
23.25,Nitzschia incospicua,6,400,1.5
23.25,Pseudostaurosira elliptica,42,400,10.5
23.25,Diatoma tenuis,0,400,0
23.25,Pseudostaurosira brevistriata,6,400,1.5
23.25,Nitzschia palea,0,400,0
23.25,Pinnularia borealis,2,400,0.5
23.25,Achnanthidium lineare,8,400,2
23.25,Achnanthidium minutissimum,24,400,6
23.25,Achnanthidium petersenii,21,400,5.25
23.25,Brachysira serians,8,400,2
23.25,Cocconeis placentula,0,400,0
23.25,Encyonema neogracile,2,400,0.5
23.25,Fragilaria exigua,0,400,0
23.25,Fragilaria radians,0,400,0
23.25,Hippodonta hungarica,0,400,0
23.25,Nitzschia hantzschiana,5,400,1.25
23.25,Platessa oblongella,43,400,10.75
23.25,Stauroforma exiguiformis,126,400,31.5
23.25,Staurosira venter,0,400,0
23.25,Diatoma sp.,5,400,1.25
23.75,Nitzschia tubicola,0,400,0
23.75,Cocconeis scutellum,0,400,0
23.75,Navicula hanseatica,6,400,1.5
23.75,Navicula meniscus,15,400,3.75
23.75,Navicula peregrina,1,400,0.25
23.75,Pinnunavis elegans,2,400,0.5
23.75,Diploneeis smithii,0,400,0
23.75,Navicula gregaria,8,400,2
23.75,Planothidium delicathulum,1,400,0.25
23.75,Stephanocyclus meneghinianus,0,400,0
23.75,Ctenophora pulchella,1,400,0.25
23.75,Diatoma moniloformis,1,400,0.25
23.75,Navicula radiosa,1,400,0.25
23.75,Nitzschia incospicua,2,400,0.5
23.75,Pseudostaurosira elliptica,65,400,16.25
23.75,Diatoma tenuis,0,400,0
23.75,Pseudostaurosira brevistriata,17,400,4.25
23.75,Nitzschia palea,12,400,3
23.75,Pinnularia borealis,4,400,1
23.75,Achnanthidium lineare,0,400,0
23.75,Achnanthidium minutissimum,11,400,2.75
23.75,Achnanthidium petersenii,4,400,1
23.75,Brachysira serians,1,400,0.25
23.75,Cocconeis placentula,0,400,0
23.75,Encyonema neogracile,2,400,0.5
23.75,Fragilaria exigua,5,400,1.25
23.75,Fragilaria radians,0,400,0
23.75,Hippodonta hungarica,6,400,1.5
23.75,Nitzschia hantzschiana,0,400,0
23.75,Platessa oblongella,3,400,0.75
23.75,Stauroforma exiguiformis,165,400,41.25
23.75,Staurosira venter,1,400,0.25
23.75,Diatoma sp.,0,400,0
24.25,Nitzschia tubicola,0,400,0
24.25,Cocconeis scutellum,0,400,0
24.25,Navicula hanseatica,4,400,1
24.25,Navicula meniscus,19,400,4.75
24.25,Navicula peregrina,2,400,0.5
24.25,Pinnunavis elegans,1,400,0.25
24.25,Diploneeis smithii,0,400,0
24.25,Navicula gregaria,0,400,0
24.25,Planothidium delicathulum,8,400,2
24.25,Stephanocyclus meneghinianus,2,400,0.5
24.25,Ctenophora pulchella,1,400,0.25
24.25,Diatoma moniloformis,0,400,0
24.25,Navicula radiosa,0,400,0
24.25,Nitzschia incospicua,4,400,1
24.25,Pseudostaurosira elliptica,74,400,18.5
24.25,Diatoma tenuis,1,400,0.25
24.25,Pseudostaurosira brevistriata,0,400,0
24.25,Nitzschia palea,0,400,0
24.25,Pinnularia borealis,3,400,0.75
24.25,Achnanthidium lineare,14,400,3.5000000000000004
24.25,Achnanthidium minutissimum,22,400,5.5
24.25,Achnanthidium petersenii,18,400,4.5
24.25,Brachysira serians,5,400,1.25
24.25,Cocconeis placentula,3,400,0.75
24.25,Encyonema neogracile,11,400,2.75
24.25,Fragilaria exigua,0,400,0
24.25,Fragilaria radians,0,400,0
24.25,Hippodonta hungarica,2,400,0.5
24.25,Nitzschia hantzschiana,0,400,0
24.25,Platessa oblongella,24,400,6
24.25,Stauroforma exiguiformis,132,400,33
24.25,Staurosira venter,0,400,0
24.25,Diatoma sp.,2,400,0.5
24.75,Nitzschia tubicola,0,400,0
24.75,Cocconeis scutellum,0,400,0
24.75,Navicula hanseatica,3,400,0.75
24.75,Navicula meniscus,49,400,12.25
24.75,Navicula peregrina,1,400,0.25
24.75,Pinnunavis elegans,3,400,0.75
24.75,Diploneeis smithii,0,400,0
24.75,Navicula gregaria,1,400,0.25
24.75,Planothidium delicathulum,5,400,1.25
24.75,Stephanocyclus meneghinianus,3,400,0.75
24.75,Ctenophora pulchella,1,400,0.25
24.75,Diatoma moniloformis,2,400,0.5
24.75,Navicula radiosa,0,400,0
24.75,Nitzschia incospicua,7,400,1.7500000000000002
24.75,Pseudostaurosira elliptica,35,400,8.75
24.75,Diatoma tenuis,2,400,0.5
24.75,Pseudostaurosira brevistriata,5,400,1.25
24.75,Nitzschia palea,0,400,0
24.75,Pinnularia borealis,1,400,0.25
24.75,Achnanthidium lineare,18,400,4.5
24.75,Achnanthidium minutissimum,15,400,3.75
24.75,Achnanthidium petersenii,44,400,11
24.75,Brachysira serians,6,400,1.5
24.75,Cocconeis placentula,1,400,0.25
24.75,Encyonema neogracile,6,400,1.5
24.75,Fragilaria exigua,0,400,0
24.75,Fragilaria radians,0,400,0
24.75,Hippodonta hungarica,2,400,0.5
24.75,Nitzschia hantzschiana,3,400,0.75
24.75,Platessa oblongella,25,400,6.25
24.75,Stauroforma exiguiformis,119,400,29.75
24.75,Staurosira venter,0,400,0
24.75,Diatoma sp.,1,400,0.25
25.25,Nitzschia tubicola,0,400,0
25.25,Cocconeis scutellum,2,400,0.5
25.25,Navicula hanseatica,4,400,1
25.25,Navicula meniscus,17,400,4.25
25.25,Navicula peregrina,1,400,0.25
25.25,Pinnunavis elegans,7,400,1.7500000000000002
25.25,Diploneeis smithii,0,400,0
25.25,Navicula gregaria,4,400,1
25.25,Planothidium delicathulum,8,400,2
25.25,Stephanocyclus meneghinianus,2,400,0.5
25.25,Ctenophora pulchella,5,400,1.25
25.25,Diatoma moniloformis,0,400,0
25.25,Navicula radiosa,0,400,0
25.25,Nitzschia incospicua,10,400,2.5
25.25,Pseudostaurosira elliptica,34,400,8.5
25.25,Diatoma tenuis,1,400,0.25
25.25,Pseudostaurosira brevistriata,6,400,1.5
25.25,Nitzschia palea,0,400,0
25.25,Pinnularia borealis,4,400,1
25.25,Achnanthidium lineare,12,400,3
25.25,Achnanthidium minutissimum,31,400,7.75
25.25,Achnanthidium petersenii,42,400,10.5
25.25,Brachysira serians,10,400,2.5
25.25,Cocconeis placentula,1,400,0.25
25.25,Encyonema neogracile,9,400,2.25
25.25,Fragilaria exigua,0,400,0
25.25,Fragilaria radians,0,400,0
25.25,Hippodonta hungarica,3,400,0.75
25.25,Nitzschia hantzschiana,8,400,2
25.25,Platessa oblongella,25,400,6.25
25.25,Stauroforma exiguiformis,111,400,27.750000000000004
25.25,Staurosira venter,0,400,0
25.25,Diatoma sp.,9,400,2.25
25.75,Nitzschia tubicola,0,400,0
25.75,Cocconeis scutellum,0,400,0
25.75,Navicula hanseatica,10,400,2.5
25.75,Navicula meniscus,22,400,5.5
25.75,Navicula peregrina,6,400,1.5
25.75,Pinnunavis elegans,6,400,1.5
25.75,Diploneeis smithii,1,400,0.25
25.75,Navicula gregaria,4,400,1
25.75,Planothidium delicathulum,2,400,0.5
25.75,Stephanocyclus meneghinianus,6,400,1.5
25.75,Ctenophora pulchella,3,400,0.75
25.75,Diatoma moniloformis,0,400,0
25.75,Navicula radiosa,0,400,0
25.75,Nitzschia incospicua,1,400,0.25
25.75,Pseudostaurosira elliptica,40,400,10
25.75,Diatoma tenuis,2,400,0.5
25.75,Pseudostaurosira brevistriata,12,400,3
25.75,Nitzschia palea,0,400,0
25.75,Pinnularia borealis,0,400,0
25.75,Achnanthidium lineare,13,400,3.25
25.75,Achnanthidium minutissimum,6,400,1.5
25.75,Achnanthidium petersenii,27,400,6.75
25.75,Brachysira serians,7,400,1.7500000000000002
25.75,Cocconeis placentula,2,400,0.5
25.75,Encyonema neogracile,2,400,0.5
25.75,Fragilaria exigua,0,400,0
25.75,Fragilaria radians,0,400,0
25.75,Hippodonta hungarica,7,400,1.7500000000000002
25.75,Nitzschia hantzschiana,3,400,0.75
25.75,Platessa oblongella,19,400,4.75
25.75,Stauroforma exiguiformis,144,400,36
25.75,Staurosira venter,0,400,0
25.75,Diatoma sp.,4,400,1
27.75,Nitzschia tubicola,0,400,0
27.75,Cocconeis scutellum,0,400,0
27.75,Navicula hanseatica,6,400,1.5
27.75,Navicula meniscus,28,400,7.000000000000001
27.75,Navicula peregrina,4,400,1
27.75,Pinnunavis elegans,5,400,1.25
27.75,Diploneeis smithii,0,400,0
27.75,Navicula gregaria,2,400,0.5
27.75,Planothidium delicathulum,1,400,0.25
27.75,Stephanocyclus meneghinianus,2,400,0.5
27.75,Ctenophora pulchella,5,400,1.25
27.75,Diatoma moniloformis,0,400,0
27.75,Navicula radiosa,0,400,0
27.75,Nitzschia incospicua,5,400,1.25
27.75,Pseudostaurosira elliptica,83,400,20.75
27.75,Diatoma tenuis,0,400,0
27.75,Pseudostaurosira brevistriata,8,400,2
27.75,Nitzschia palea,0,400,0
27.75,Pinnularia borealis,2,400,0.5
27.75,Achnanthidium lineare,5,400,1.25
27.75,Achnanthidium minutissimum,10,400,2.5
27.75,Achnanthidium petersenii,19,400,4.75
27.75,Brachysira serians,3,400,0.75
27.75,Cocconeis placentula,1,400,0.25
27.75,Encyonema neogracile,1,400,0.25
27.75,Fragilaria exigua,0,400,0
27.75,Fragilaria radians,2,400,0.5
27.75,Hippodonta hungarica,3,400,0.75
27.75,Nitzschia hantzschiana,1,400,0.25
27.75,Platessa oblongella,6,400,1.5
27.75,Stauroforma exiguiformis,162,400,40.5
27.75,Staurosira venter,0,400,0
27.75,Diatoma sp.,0,400,0
29.75,Nitzschia tubicola,0,400,0
29.75,Cocconeis scutellum,0,400,0
29.75,Navicula hanseatica,15,400,3.75
29.75,Navicula meniscus,26,400,6.5
29.75,Navicula peregrina,4,400,1
29.75,Pinnunavis elegans,4,400,1
29.75,Diploneeis smithii,0,400,0
29.75,Navicula gregaria,4,400,1
29.75,Planothidium delicathulum,3,400,0.75
29.75,Stephanocyclus meneghinianus,5,400,1.25
29.75,Ctenophora pulchella,4,400,1
29.75,Diatoma moniloformis,0,400,0
29.75,Navicula radiosa,2,400,0.5
29.75,Nitzschia incospicua,1,400,0.25
29.75,Pseudostaurosira elliptica,47,400,11.75
29.75,Diatoma tenuis,2,400,0.5
29.75,Pseudostaurosira brevistriata,17,400,4.25
29.75,Nitzschia palea,13,400,3.25
29.75,Pinnularia borealis,5,400,1.25
29.75,Achnanthidium lineare,1,400,0.25
29.75,Achnanthidium minutissimum,17,400,4.25
29.75,Achnanthidium petersenii,3,400,0.75
29.75,Brachysira serians,0,400,0
29.75,Cocconeis placentula,2,400,0.5
29.75,Encyonema neogracile,0,400,0
29.75,Fragilaria exigua,3,400,0.75
29.75,Fragilaria radians,0,400,0
29.75,Hippodonta hungarica,0,400,0
29.75,Nitzschia hantzschiana,0,400,0
29.75,Platessa oblongella,2,400,0.5
29.75,Stauroforma exiguiformis,174,400,43.5
29.75,Staurosira venter,6,400,1.5
29.75,Diatoma sp.,0,400,0
30.25,Nitzschia tubicola,0,400,0
30.25,Cocconeis scutellum,0,400,0
30.25,Navicula hanseatica,8,400,2
30.25,Navicula meniscus,31,400,7.75
30.25,Navicula peregrina,4,400,1
30.25,Pinnunavis elegans,3,400,0.75
30.25,Diploneeis smithii,0,400,0
30.25,Navicula gregaria,0,400,0
30.25,Planothidium delicathulum,8,400,2
30.25,Stephanocyclus meneghinianus,3,400,0.75
30.25,Ctenophora pulchella,9,400,2.25
30.25,Diatoma moniloformis,2,400,0.5
30.25,Navicula radiosa,0,400,0
30.25,Nitzschia incospicua,4,400,1
30.25,Pseudostaurosira elliptica,55,400,13.750000000000002
30.25,Diatoma tenuis,1,400,0.25
30.25,Pseudostaurosira brevistriata,9,400,2.25
30.25,Nitzschia palea,0,400,0
30.25,Pinnularia borealis,11,400,2.75
30.25,Achnanthidium lineare,4,400,1
30.25,Achnanthidium minutissimum,30,400,7.5
30.25,Achnanthidium petersenii,22,400,5.5
30.25,Brachysira serians,5,400,1.25
30.25,Cocconeis placentula,2,400,0.5
30.25,Encyonema neogracile,0,400,0
30.25,Fragilaria exigua,0,400,0
30.25,Fragilaria radians,3,400,0.75
30.25,Hippodonta hungarica,2,400,0.5
30.25,Nitzschia hantzschiana,0,400,0
30.25,Platessa oblongella,26,400,6.5
30.25,Stauroforma exiguiformis,116,400,28.999999999999996
30.25,Staurosira venter,0,400,0
30.25,Diatoma sp.,10,400,2.5
30.75,Nitzschia tubicola,0,400,0
30.75,Cocconeis scutellum,1,400,0.25
30.75,Navicula hanseatica,6,400,1.5
30.75,Navicula meniscus,36,400,9
30.75,Navicula peregrina,1,400,0.25
30.75,Pinnunavis elegans,3,400,0.75
30.75,Diploneeis smithii,2,400,0.5
30.75,Navicula gregaria,3,400,0.75
30.75,Planothidium delicathulum,6,400,1.5
30.75,Stephanocyclus meneghinianus,5,400,1.25
30.75,Ctenophora pulchella,8,400,2
30.75,Diatoma moniloformis,1,400,0.25
30.75,Navicula radiosa,0,400,0
30.75,Nitzschia incospicua,11,400,2.75
30.75,Pseudostaurosira elliptica,58,400,14.499999999999998
30.75,Diatoma tenuis,2,400,0.5
30.75,Pseudostaurosira brevistriata,11,400,2.75
30.75,Nitzschia palea,0,400,0
30.75,Pinnularia borealis,4,400,1
30.75,Achnanthidium lineare,3,400,0.75
30.75,Achnanthidium minutissimum,22,400,5.5
30.75,Achnanthidium petersenii,25,400,6.25
30.75,Brachysira serians,4,400,1
30.75,Cocconeis placentula,1,400,0.25
30.75,Encyonema neogracile,3,400,0.75
30.75,Fragilaria exigua,0,400,0
30.75,Fragilaria radians,0,400,0
30.75,Hippodonta hungarica,3,400,0.75
30.75,Nitzschia hantzschiana,8,400,2
30.75,Platessa oblongella,25,400,6.25
30.75,Stauroforma exiguiformis,121,400,30.25
30.75,Staurosira venter,0,400,0
30.75,Diatoma sp.,2,400,0.5
31.25,Nitzschia tubicola,0,400,0
31.25,Cocconeis scutellum,0,400,0
31.25,Navicula hanseatica,9,400,2.25
31.25,Navicula meniscus,17,400,4.25
31.25,Navicula peregrina,6,400,1.5
31.25,Pinnunavis elegans,3,400,0.75
31.25,Diploneeis smithii,0,400,0
31.25,Navicula gregaria,5,400,1.25
31.25,Planothidium delicathulum,6,400,1.5
31.25,Stephanocyclus meneghinianus,4,400,1
31.25,Ctenophora pulchella,12,400,3
31.25,Diatoma moniloformis,3,400,0.75
31.25,Navicula radiosa,0,400,0
31.25,Nitzschia incospicua,9,400,2.25
31.25,Pseudostaurosira elliptica,86,400,21.5
31.25,Diatoma tenuis,3,400,0.75
31.25,Pseudostaurosira brevistriata,8,400,2
31.25,Nitzschia palea,0,400,0
31.25,Pinnularia borealis,5,400,1.25
31.25,Achnanthidium lineare,1,400,0.25
31.25,Achnanthidium minutissimum,23,400,5.75
31.25,Achnanthidium petersenii,15,400,3.75
31.25,Brachysira serians,2,400,0.5
31.25,Cocconeis placentula,9,400,2.25
31.25,Encyonema neogracile,0,400,0
31.25,Fragilaria exigua,0,400,0
31.25,Fragilaria radians,1,400,0.25
31.25,Hippodonta hungarica,1,400,0.25
31.25,Nitzschia hantzschiana,0,400,0
31.25,Platessa oblongella,24,400,6
31.25,Stauroforma exiguiformis,112,400,28.000000000000004
31.25,Staurosira venter,0,400,0
31.25,Diatoma sp.,3,400,0.75
31.75,Nitzschia tubicola,0,400,0
31.75,Cocconeis scutellum,2,400,0.5
31.75,Navicula hanseatica,11,400,2.75
31.75,Navicula meniscus,24,400,6
31.75,Navicula peregrina,7,400,1.7500000000000002
31.75,Pinnunavis elegans,5,400,1.25
31.75,Diploneeis smithii,0,400,0
31.75,Navicula gregaria,9,400,2.25
31.75,Planothidium delicathulum,0,400,0
31.75,Stephanocyclus meneghinianus,5,400,1.25
31.75,Ctenophora pulchella,2,400,0.5
31.75,Diatoma moniloformis,1,400,0.25
31.75,Navicula radiosa,0,400,0
31.75,Nitzschia incospicua,1,400,0.25
31.75,Pseudostaurosira elliptica,84,400,21
31.75,Diatoma tenuis,0,400,0
31.75,Pseudostaurosira brevistriata,16,400,4
31.75,Nitzschia palea,14,400,3.5000000000000004
31.75,Pinnularia borealis,8,400,2
31.75,Achnanthidium lineare,0,400,0
31.75,Achnanthidium minutissimum,8,400,2
31.75,Achnanthidium petersenii,1,400,0.25
31.75,Brachysira serians,0,400,0
31.75,Cocconeis placentula,4,400,1
31.75,Encyonema neogracile,0,400,0
31.75,Fragilaria exigua,2,400,0.5
31.75,Fragilaria radians,0,400,0
31.75,Hippodonta hungarica,4,400,1
31.75,Nitzschia hantzschiana,0,400,0
31.75,Platessa oblongella,7,400,1.7500000000000002
31.75,Stauroforma exiguiformis,136,400,34
31.75,Staurosira venter,9,400,2.25
31.75,Diatoma sp.,0,400,0
32.25,Nitzschia tubicola,0,400,0
32.25,Cocconeis scutellum,0,400,0
32.25,Navicula hanseatica,16,400,4
32.25,Navicula meniscus,26,400,6.5
32.25,Navicula peregrina,9,400,2.25
32.25,Pinnunavis elegans,8,400,2
32.25,Diploneeis smithii,0,400,0
32.25,Navicula gregaria,5,400,1.25
32.25,Planothidium delicathulum,5,400,1.25
32.25,Stephanocyclus meneghinianus,7,400,1.7500000000000002
32.25,Ctenophora pulchella,3,400,0.75
32.25,Diatoma moniloformis,0,400,0
32.25,Navicula radiosa,0,400,0
32.25,Nitzschia incospicua,3,400,0.75
32.25,Pseudostaurosira elliptica,76,400,19
32.25,Diatoma tenuis,0,400,0
32.25,Pseudostaurosira brevistriata,9,400,2.25
32.25,Nitzschia palea,0,400,0
32.25,Pinnularia borealis,3,400,0.75
32.25,Achnanthidium lineare,6,400,1.5
32.25,Achnanthidium minutissimum,16,400,4
32.25,Achnanthidium petersenii,17,400,4.25
32.25,Brachysira serians,5,400,1.25
32.25,Cocconeis placentula,2,400,0.5
32.25,Encyonema neogracile,0,400,0
32.25,Fragilaria exigua,0,400,0
32.25,Fragilaria radians,1,400,0.25
32.25,Hippodonta hungarica,5,400,1.25
32.25,Nitzschia hantzschiana,11,400,2.75
32.25,Platessa oblongella,25,400,6.25
32.25,Stauroforma exiguiformis,112,400,28.000000000000004
32.25,Staurosira venter,0,400,0
32.25,Diatoma sp.,0,400,0
32.75,Nitzschia tubicola,0,400,0
32.75,Cocconeis scutellum,2,400,0.5
32.75,Navicula hanseatica,17,400,4.25
32.75,Navicula meniscus,25,400,6.25
32.75,Navicula peregrina,7,400,1.7500000000000002
32.75,Pinnunavis elegans,9,400,2.25
32.75,Diploneeis smithii,1,400,0.25
32.75,Navicula gregaria,8,400,2
32.75,Planothidium delicathulum,1,400,0.25
32.75,Stephanocyclus meneghinianus,11,400,2.75
32.75,Ctenophora pulchella,9,400,2.25
32.75,Diatoma moniloformis,0,400,0
32.75,Navicula radiosa,0,400,0
32.75,Nitzschia incospicua,2,400,0.5
32.75,Pseudostaurosira elliptica,91,400,22.75
32.75,Diatoma tenuis,0,400,0
32.75,Pseudostaurosira brevistriata,8,400,2
32.75,Nitzschia palea,0,400,0
32.75,Pinnularia borealis,10,400,2.5
32.75,Achnanthidium lineare,5,400,1.25
32.75,Achnanthidium minutissimum,12,400,3
32.75,Achnanthidium petersenii,10,400,2.5
32.75,Brachysira serians,2,400,0.5
32.75,Cocconeis placentula,6,400,1.5
32.75,Encyonema neogracile,0,400,0
32.75,Fragilaria exigua,0,400,0
32.75,Fragilaria radians,0,400,0
32.75,Hippodonta hungarica,4,400,1
32.75,Nitzschia hantzschiana,2,400,0.5
32.75,Platessa oblongella,21,400,5.25
32.75,Stauroforma exiguiformis,100,400,25
32.75,Staurosira venter,0,400,0
32.75,Diatoma sp.,0,400,0
33.25,Nitzschia tubicola,0,400,0
33.25,Cocconeis scutellum,0,400,0
33.25,Navicula hanseatica,21,400,5.25
33.25,Navicula meniscus,12,400,3
33.25,Navicula peregrina,14,400,3.5000000000000004
33.25,Pinnunavis elegans,2,400,0.5
33.25,Diploneeis smithii,0,400,0
33.25,Navicula gregaria,0,400,0
33.25,Planothidium delicathulum,0,400,0
33.25,Stephanocyclus meneghinianus,5,400,1.25
33.25,Ctenophora pulchella,4,400,1
33.25,Diatoma moniloformis,0,400,0
33.25,Navicula radiosa,18,400,4.5
33.25,Nitzschia incospicua,4,400,1
33.25,Pseudostaurosira elliptica,135,400,33.75
33.25,Diatoma tenuis,0,400,0
33.25,Pseudostaurosira brevistriata,9,400,2.25
33.25,Nitzschia palea,3,400,0.75
33.25,Pinnularia borealis,4,400,1
33.25,Achnanthidium lineare,1,400,0.25
33.25,Achnanthidium minutissimum,0,400,0
33.25,Achnanthidium petersenii,1,400,0.25
33.25,Brachysira serians,0,400,0
33.25,Cocconeis placentula,3,400,0.75
33.25,Encyonema neogracile,0,400,0
33.25,Fragilaria exigua,5,400,1.25
33.25,Fragilaria radians,0,400,0
33.25,Hippodonta hungarica,2,400,0.5
33.25,Nitzschia hantzschiana,0,400,0
33.25,Platessa oblongella,7,400,1.7500000000000002
33.25,Stauroforma exiguiformis,100,400,25
33.25,Staurosira venter,6,400,1.5
33.25,Diatoma sp.,0,400,0
33.75,Nitzschia tubicola,0,400,0
33.75,Cocconeis scutellum,3,400,0.75
33.75,Navicula hanseatica,13,400,3.25
33.75,Navicula meniscus,28,400,7.000000000000001
33.75,Navicula peregrina,9,400,2.25
33.75,Pinnunavis elegans,1,400,0.25
33.75,Diploneeis smithii,0,400,0
33.75,Navicula gregaria,2,400,0.5
33.75,Planothidium delicathulum,4,400,1
33.75,Stephanocyclus meneghinianus,10,400,2.5
33.75,Ctenophora pulchella,5,400,1.25
33.75,Diatoma moniloformis,0,400,0
33.75,Navicula radiosa,0,400,0
33.75,Nitzschia incospicua,0,400,0
33.75,Pseudostaurosira elliptica,116,400,28.999999999999996
33.75,Diatoma tenuis,0,400,0
33.75,Pseudostaurosira brevistriata,6,400,1.5
33.75,Nitzschia palea,0,400,0
33.75,Pinnularia borealis,0,400,0
33.75,Achnanthidium lineare,5,400,1.25
33.75,Achnanthidium minutissimum,13,400,3.25
33.75,Achnanthidium petersenii,16,400,4
33.75,Brachysira serians,2,400,0.5
33.75,Cocconeis placentula,8,400,2
33.75,Encyonema neogracile,1,400,0.25
33.75,Fragilaria exigua,0,400,0
33.75,Fragilaria radians,1,400,0.25
33.75,Hippodonta hungarica,4,400,1
33.75,Nitzschia hantzschiana,3,400,0.75
33.75,Platessa oblongella,31,400,7.75
33.75,Stauroforma exiguiformis,92,400,23
33.75,Staurosira venter,0,400,0
33.75,Diatoma sp.,2,400,0.5
34.25,Nitzschia tubicola,0,400,0
34.25,Cocconeis scutellum,0,400,0
34.25,Navicula hanseatica,7,400,1.7500000000000002
34.25,Navicula meniscus,21,400,5.25
34.25,Navicula peregrina,16,400,4
34.25,Pinnunavis elegans,2,400,0.5
34.25,Diploneeis smithii,0,400,0
34.25,Navicula gregaria,3,400,0.75
34.25,Planothidium delicathulum,0,400,0
34.25,Stephanocyclus meneghinianus,8,400,2
34.25,Ctenophora pulchella,10,400,2.5
34.25,Diatoma moniloformis,0,400,0
34.25,Navicula radiosa,0,400,0
34.25,Nitzschia incospicua,1,400,0.25
34.25,Pseudostaurosira elliptica,111,400,27.750000000000004
34.25,Diatoma tenuis,0,400,0
34.25,Pseudostaurosira brevistriata,12,400,3
34.25,Nitzschia palea,0,400,0
34.25,Pinnularia borealis,3,400,0.75
34.25,Achnanthidium lineare,0,400,0
34.25,Achnanthidium minutissimum,22,400,5.5
34.25,Achnanthidium petersenii,12,400,3
34.25,Brachysira serians,2,400,0.5
34.25,Cocconeis placentula,7,400,1.7500000000000002
34.25,Encyonema neogracile,0,400,0
34.25,Fragilaria exigua,0,400,0
34.25,Fragilaria radians,2,400,0.5
34.25,Hippodonta hungarica,3,400,0.75
34.25,Nitzschia hantzschiana,0,400,0
34.25,Platessa oblongella,19,400,4.75
34.25,Stauroforma exiguiformis,115,400,28.749999999999996
34.25,Staurosira venter,0,400,0
34.25,Diatoma sp.,0,400,0
34.75,Nitzschia tubicola,0,400,0
34.75,Cocconeis scutellum,0,400,0
34.75,Navicula hanseatica,5,400,1.25
34.75,Navicula meniscus,9,400,2.25
34.75,Navicula peregrina,7,400,1.7500000000000002
34.75,Pinnunavis elegans,4,400,1
34.75,Diploneeis smithii,0,400,0
34.75,Navicula gregaria,5,400,1.25
34.75,Planothidium delicathulum,3,400,0.75
34.75,Stephanocyclus meneghinianus,7,400,1.7500000000000002
34.75,Ctenophora pulchella,11,400,2.75
34.75,Diatoma moniloformis,0,400,0
34.75,Navicula radiosa,0,400,0
34.75,Nitzschia incospicua,2,400,0.5
34.75,Pseudostaurosira elliptica,120,400,30
34.75,Diatoma tenuis,0,400,0
34.75,Pseudostaurosira brevistriata,9,400,2.25
34.75,Nitzschia palea,0,400,0
34.75,Pinnularia borealis,2,400,0.5
34.75,Achnanthidium lineare,2,400,0.5
34.75,Achnanthidium minutissimum,10,400,2.5
34.75,Achnanthidium petersenii,18,400,4.5
34.75,Brachysira serians,2,400,0.5
34.75,Cocconeis placentula,6,400,1.5
34.75,Encyonema neogracile,0,400,0
34.75,Fragilaria exigua,0,400,0
34.75,Fragilaria radians,9,400,2.25
34.75,Hippodonta hungarica,2,400,0.5
34.75,Nitzschia hantzschiana,0,400,0
34.75,Platessa oblongella,46,400,11.5
34.75,Stauroforma exiguiformis,94,400,23.5
34.75,Staurosira venter,0,400,0
34.75,Diatoma sp.,0,400,0
35.25,Nitzschia tubicola,0,400,0
35.25,Cocconeis scutellum,1,400,0.25
35.25,Navicula hanseatica,4,400,1
35.25,Navicula meniscus,14,400,3.5000000000000004
35.25,Navicula peregrina,16,400,4
35.25,Pinnunavis elegans,2,400,0.5
35.25,Diploneeis smithii,0,400,0
35.25,Navicula gregaria,1,400,0.25
35.25,Planothidium delicathulum,3,400,0.75
35.25,Stephanocyclus meneghinianus,8,400,2
35.25,Ctenophora pulchella,8,400,2
35.25,Diatoma moniloformis,1,400,0.25
35.25,Navicula radiosa,0,400,0
35.25,Nitzschia incospicua,1,400,0.25
35.25,Pseudostaurosira elliptica,113,400,28.249999999999996
35.25,Diatoma tenuis,0,400,0
35.25,Pseudostaurosira brevistriata,11,400,2.75
35.25,Nitzschia palea,0,400,0
35.25,Pinnularia borealis,2,400,0.5
35.25,Achnanthidium lineare,3,400,0.75
35.25,Achnanthidium minutissimum,6,400,1.5
35.25,Achnanthidium petersenii,14,400,3.5000000000000004
35.25,Brachysira serians,1,400,0.25
35.25,Cocconeis placentula,7,400,1.7500000000000002
35.25,Encyonema neogracile,0,400,0
35.25,Fragilaria exigua,0,400,0
35.25,Fragilaria radians,3,400,0.75
35.25,Hippodonta hungarica,5,400,1.25
35.25,Nitzschia hantzschiana,2,400,0.5
35.25,Platessa oblongella,49,400,12.25
35.25,Stauroforma exiguiformis,93,400,23.25
35.25,Staurosira venter,0,400,0
35.25,Diatoma sp.,0,400,0
35.75,Nitzschia tubicola,0,400,0
35.75,Cocconeis scutellum,7,400,1.7500000000000002
35.75,Navicula hanseatica,23,400,5.75
35.75,Navicula meniscus,2,400,0.5
35.75,Navicula peregrina,22,400,5.5
35.75,Pinnunavis elegans,1,400,0.25
35.75,Diploneeis smithii,0,400,0
35.75,Navicula gregaria,0,400,0
35.75,Planothidium delicathulum,1,400,0.25
35.75,Stephanocyclus meneghinianus,5,400,1.25
35.75,Ctenophora pulchella,5,400,1.25
35.75,Diatoma moniloformis,0,400,0
35.75,Navicula radiosa,12,400,3
35.75,Nitzschia incospicua,2,400,0.5
35.75,Pseudostaurosira elliptica,105,400,26.25
35.75,Diatoma tenuis,0,400,0
35.75,Pseudostaurosira brevistriata,14,400,3.5000000000000004
35.75,Nitzschia palea,0,400,0
35.75,Pinnularia borealis,1,400,0.25
35.75,Achnanthidium lineare,1,400,0.25
35.75,Achnanthidium minutissimum,7,400,1.7500000000000002
35.75,Achnanthidium petersenii,6,400,1.5
35.75,Brachysira serians,0,400,0
35.75,Cocconeis placentula,16,400,4
35.75,Encyonema neogracile,0,400,0
35.75,Fragilaria exigua,1,400,0.25
35.75,Fragilaria radians,0,400,0
35.75,Hippodonta hungarica,3,400,0.75
35.75,Nitzschia hantzschiana,0,400,0
35.75,Platessa oblongella,3,400,0.75
35.75,Stauroforma exiguiformis,123,400,30.75
35.75,Staurosira venter,4,400,1
35.75,Diatoma sp.,0,400,0
36.25,Nitzschia tubicola,0,400,0
36.25,Cocconeis scutellum,1,400,0.25
36.25,Navicula hanseatica,6,400,1.5
36.25,Navicula meniscus,6,400,1.5
36.25,Navicula peregrina,13,400,3.25
36.25,Pinnunavis elegans,0,400,0
36.25,Diploneeis smithii,0,400,0
36.25,Navicula gregaria,1,400,0.25
36.25,Planothidium delicathulum,6,400,1.5
36.25,Stephanocyclus meneghinianus,4,400,1
36.25,Ctenophora pulchella,12,400,3
36.25,Diatoma moniloformis,0,400,0
36.25,Navicula radiosa,0,400,0
36.25,Nitzschia incospicua,0,400,0
36.25,Pseudostaurosira elliptica,120,400,30
36.25,Diatoma tenuis,0,400,0
36.25,Pseudostaurosira brevistriata,6,400,1.5
36.25,Nitzschia palea,0,400,0
36.25,Pinnularia borealis,7,400,1.7500000000000002
36.25,Achnanthidium lineare,2,400,0.5
36.25,Achnanthidium minutissimum,15,400,3.75
36.25,Achnanthidium petersenii,15,400,3.75
36.25,Brachysira serians,2,400,0.5
36.25,Cocconeis placentula,27,400,6.75
36.25,Encyonema neogracile,0,400,0
36.25,Fragilaria exigua,0,400,0
36.25,Fragilaria radians,0,400,0
36.25,Hippodonta hungarica,1,400,0.25
36.25,Nitzschia hantzschiana,0,400,0
36.25,Platessa oblongella,25,400,6.25
36.25,Stauroforma exiguiformis,104,400,26
36.25,Staurosira venter,0,400,0
36.25,Diatoma sp.,0,400,0
36.75,Nitzschia tubicola,0,400,0
36.75,Cocconeis scutellum,2,400,0.5
36.75,Navicula hanseatica,7,400,1.7500000000000002
36.75,Navicula meniscus,7,400,1.7500000000000002
36.75,Navicula peregrina,13,400,3.25
36.75,Pinnunavis elegans,1,400,0.25
36.75,Diploneeis smithii,0,400,0
36.75,Navicula gregaria,2,400,0.5
36.75,Planothidium delicathulum,4,400,1
36.75,Stephanocyclus meneghinianus,10,400,2.5
36.75,Ctenophora pulchella,10,400,2.5
36.75,Diatoma moniloformis,0,400,0
36.75,Navicula radiosa,0,400,0
36.75,Nitzschia incospicua,1,400,0.25
36.75,Pseudostaurosira elliptica,121,400,30.25
36.75,Diatoma tenuis,0,400,0
36.75,Pseudostaurosira brevistriata,4,400,1
36.75,Nitzschia palea,0,400,0
36.75,Pinnularia borealis,7,400,1.7500000000000002
36.75,Achnanthidium lineare,4,400,1
36.75,Achnanthidium minutissimum,13,400,3.25
36.75,Achnanthidium petersenii,19,400,4.75
36.75,Brachysira serians,1,400,0.25
36.75,Cocconeis placentula,11,400,2.75
36.75,Encyonema neogracile,1,400,0.25
36.75,Fragilaria exigua,0,400,0
36.75,Fragilaria radians,0,400,0
36.75,Hippodonta hungarica,4,400,1
36.75,Nitzschia hantzschiana,0,400,0
36.75,Platessa oblongella,19,400,4.75
36.75,Stauroforma exiguiformis,113,400,28.249999999999996
36.75,Staurosira venter,0,400,0
36.75,Diatoma sp.,0,400,0
37.25,Nitzschia tubicola,0,400,0
37.25,Cocconeis scutellum,1,400,0.25
37.25,Navicula hanseatica,1,400,0.25
37.25,Navicula meniscus,3,400,0.75
37.25,Navicula peregrina,13,400,3.25
37.25,Pinnunavis elegans,3,400,0.75
37.25,Diploneeis smithii,0,400,0
37.25,Navicula gregaria,1,400,0.25
37.25,Planothidium delicathulum,3,400,0.75
37.25,Stephanocyclus meneghinianus,9,400,2.25
37.25,Ctenophora pulchella,9,400,2.25
37.25,Diatoma moniloformis,1,400,0.25
37.25,Navicula radiosa,0,400,0
37.25,Nitzschia incospicua,2,400,0.5
37.25,Pseudostaurosira elliptica,99,400,24.75
37.25,Diatoma tenuis,0,400,0
37.25,Pseudostaurosira brevistriata,17,400,4.25
37.25,Nitzschia palea,0,400,0
37.25,Pinnularia borealis,9,400,2.25
37.25,Achnanthidium lineare,2,400,0.5
37.25,Achnanthidium minutissimum,21,400,5.25
37.25,Achnanthidium petersenii,15,400,3.75
37.25,Brachysira serians,2,400,0.5
37.25,Cocconeis placentula,28,400,7.000000000000001
37.25,Encyonema neogracile,0,400,0
37.25,Fragilaria exigua,0,400,0
37.25,Fragilaria radians,0,400,0
37.25,Hippodonta hungarica,0,400,0
37.25,Nitzschia hantzschiana,0,400,0
37.25,Platessa oblongella,19,400,4.75
37.25,Stauroforma exiguiformis,119,400,29.75
37.25,Staurosira venter,0,400,0
37.25,Diatoma sp.,0,400,0
37.75,Nitzschia tubicola,0,400,0
37.75,Cocconeis scutellum,3,400,0.75
37.75,Navicula hanseatica,4,400,1
37.75,Navicula meniscus,6,400,1.5
37.75,Navicula peregrina,10,400,2.5
37.75,Pinnunavis elegans,1,400,0.25
37.75,Diploneeis smithii,0,400,0
37.75,Navicula gregaria,1,400,0.25
37.75,Planothidium delicathulum,0,400,0
37.75,Stephanocyclus meneghinianus,3,400,0.75
37.75,Ctenophora pulchella,8,400,2
37.75,Diatoma moniloformis,0,400,0
37.75,Navicula radiosa,0,400,0
37.75,Nitzschia incospicua,0,400,0
37.75,Pseudostaurosira elliptica,117,400,29.25
37.75,Diatoma tenuis,0,400,0
37.75,Pseudostaurosira brevistriata,12,400,3
37.75,Nitzschia palea,0,400,0
37.75,Pinnularia borealis,7,400,1.7500000000000002
37.75,Achnanthidium lineare,3,400,0.75
37.75,Achnanthidium minutissimum,31,400,7.75
37.75,Achnanthidium petersenii,10,400,2.5
37.75,Brachysira serians,5,400,1.25
37.75,Cocconeis placentula,21,400,5.25
37.75,Encyonema neogracile,0,400,0
37.75,Fragilaria exigua,0,400,0
37.75,Fragilaria radians,0,400,0
37.75,Hippodonta hungarica,6,400,1.5
37.75,Nitzschia hantzschiana,0,400,0
37.75,Platessa oblongella,6,400,1.5
37.75,Stauroforma exiguiformis,116,400,28.999999999999996
37.75,Staurosira venter,0,400,0
37.75,Diatoma sp.,0,400,0
38.25,Nitzschia tubicola,0,400,0
38.25,Cocconeis scutellum,4,400,1
38.25,Navicula hanseatica,7,400,1.7500000000000002
38.25,Navicula meniscus,9,400,2.25
38.25,Navicula peregrina,28,400,7.000000000000001
38.25,Pinnunavis elegans,8,400,2
38.25,Diploneeis smithii,0,400,0
38.25,Navicula gregaria,1,400,0.25
38.25,Planothidium delicathulum,4,400,1
38.25,Stephanocyclus meneghinianus,10,400,2.5
38.25,Ctenophora pulchella,15,400,3.75
38.25,Diatoma moniloformis,0,400,0
38.25,Navicula radiosa,3,400,0.75
38.25,Nitzschia incospicua,0,400,0
38.25,Pseudostaurosira elliptica,69,400,17.25
38.25,Diatoma tenuis,0,400,0
38.25,Pseudostaurosira brevistriata,7,400,1.7500000000000002
38.25,Nitzschia palea,0,400,0
38.25,Pinnularia borealis,7,400,1.7500000000000002
38.25,Achnanthidium lineare,0,400,0
38.25,Achnanthidium minutissimum,7,400,1.7500000000000002
38.25,Achnanthidium petersenii,1,400,0.25
38.25,Brachysira serians,0,400,0
38.25,Cocconeis placentula,21,400,5.25
38.25,Encyonema neogracile,1,400,0.25
38.25,Fragilaria exigua,0,400,0
38.25,Fragilaria radians,0,400,0
38.25,Hippodonta hungarica,9,400,2.25
38.25,Nitzschia hantzschiana,0,400,0
38.25,Platessa oblongella,2,400,0.5
38.25,Stauroforma exiguiformis,134,400,33.5
38.25,Staurosira venter,4,400,1
38.25,Diatoma sp.,0,400,0
